surface	reading	gloss
箸	はし	chopsticks
橋	はし	bridge
端	はし	edge
雨	あめ	rain
飴	あめ	candy
花	はな	flower
鼻	はな	nose
柿	かき	persimmon
牡蠣	かき	oyster
神	かみ	god
紙	かみ	paper
髪	かみ	hair
酒	さけ	sake
鮭	さけ	salmon
雲	くも	cloud
蜘蛛	くも	spider
亀	かめ	turtle
瓶	びん	bottle
着物	きもの	kimono
男	おとこ	man
女	おんな	woman
弟	おとうと	younger brother
妹	いもうと	younger sister
頭	あたま	head
心	こころ	heart
桜	さくら	cherry blossom
鏡	かがみ	mirror
朝	あさ	morning
麻	あさ	hemp
秋	あき	autumn
空き	あき	vacancy
山	やま	mountain
川	かわ	river
皮	かわ	skin
犬	いぬ	dog
足	あし	foot
音	おと	sound
休み	やすみ	holiday
湖	みずうみ	lake
二つ	ふたつ	two things
お菓子	おかし	sweets
卵	たまご	egg
雪	ゆき	snow
蛸	たこ	octopus
凧	たこ	kite
猫	ねこ	cat
水	みず	water
火	ひ	fire
木	き	tree
目	め	eye
手	て	hand
歯	は	tooth
葉	は	leaf
血	ち	blood
蚊	か	mosquito
口	くち	mouth
耳	みみ	ear
首	くび	neck
顔	かお	face
腕	うで	arm
指	ゆび	finger
胸	むね	chest
背中	せなか	back
お腹	おなか	belly
体	からだ	body
声	こえ	voice
肩	かた	shoulder
膝	ひざ	knee
腰	こし	lower back
舌	した	tongue
喉	のど	throat
父	ちち	father
母	はは	mother
兄	あに	older brother
姉	あね	older sister
子供	こども	child
友達	ともだち	friend
先生	せんせい	teacher
学生	がくせい	student
医者	いしゃ	doctor
家族	かぞく	family
人	ひと	person
夫	おっと	husband
妻	つま	wife
娘	むすめ	daughter
息子	むすこ	son
家	いえ	house
窓	まど	window
門	もん	gate
庭	にわ	garden
部屋	へや	room
机	つくえ	desk
椅子	いす	chair
本	ほん	book
鞄	かばん	bag
傘	かさ	umbrella
靴	くつ	shoes
帽子	ぼうし	hat
眼鏡	めがね	glasses
時計	とけい	clock
電話	でんわ	telephone
車	くるま	car
電車	でんしゃ	train
自転車	じてんしゃ	bicycle
駅	えき	station
道	みち	road
町	まち	town
村	むら	village
国	くに	country
海	うみ	sea
空	そら	sky
星	ほし	star
月	つき	moon
島	しま	island
池	いけ	pond
石	いし	stone
砂	すな	sand
森	もり	forest
林	はやし	grove
風	かぜ	wind
風邪	かぜ	a cold
雷	かみなり	thunder
虹	にじ	rainbow
春	はる	spring
夏	なつ	summer
冬	ふゆ	winter
夜	よる	night
昼	ひる	noon
夕方	ゆうがた	evening
鳥	とり	bird
魚	さかな	fish
馬	うま	horse
牛	うし	cow
豚	ぶた	pig
羊	ひつじ	sheep
猿	さる	monkey
熊	くま	bear
鼠	ねずみ	mouse
兎	うさぎ	rabbit
虫	むし	insect
蛇	へび	snake
米	こめ	rice
肉	にく	meat
野菜	やさい	vegetables
果物	くだもの	fruit
林檎	りんご	apple
蜜柑	みかん	mandarin orange
苺	いちご	strawberry
桃	もも	peach
梨	なし	pear
葡萄	ぶどう	grapes
お茶	おちゃ	tea
ご飯	ごはん	cooked rice
牛乳	ぎゅうにゅう	milk
塩	しお	salt
砂糖	さとう	sugar
味噌	みそ	miso
豆腐	とうふ	tofu
箱	はこ	box
袋	ふくろ	sack
皿	さら	plate
茶碗	ちゃわん	rice bowl
鍋	なべ	pot
刀	かたな	sword
糸	いと	thread
服	ふく	clothes
色	いろ	color
形	かたち	shape
言葉	ことば	word
名前	なまえ	name
話	はなし	story
歌	うた	song
絵	え	picture
夢	ゆめ	dream
命	いのち	life
力	ちから	strength
涙	なみだ	tears
汗	あせ	sweat
光	ひかり	light
影	かげ	shadow
煙	けむり	smoke
氷	こおり	ice
波	なみ	wave
草	くさ	grass
種	たね	seed
枝	えだ	branch
竹	たけ	bamboo
松	まつ	pine
薬	くすり	medicine
病気	びょうき	illness
仕事	しごと	work
会社	かいしゃ	company
学校	がっこう	school
病院	びょういん	hospital
銀行	ぎんこう	bank
図書館	としょかん	library
店	みせ	shop
お金	おかね	money
切符	きっぷ	ticket
手紙	てがみ	letter
写真	しゃしん	photo
映画	えいが	movie
音楽	おんがく	music
天気	てんき	weather
旅行	りょこう	trip
宿題	しゅくだい	homework
試験	しけん	exam
問題	もんだい	problem
答え	こたえ	answer
意味	いみ	meaning
時間	じかん	time
お土産	おみやげ	souvenir
台所	だいどころ	kitchen
階段	かいだん	stairs
鍵	かぎ	key
財布	さいふ	wallet
新聞	しんぶん	newspaper
手袋	てぶくろ	gloves
布団	ふとん	futon
枕	まくら	pillow
お風呂	おふろ	bath
動物	どうぶつ	animal
飛行機	ひこうき	airplane
船	ふね	ship
港	みなと	harbor
公園	こうえん	park
お寺	おてら	temple
畑	はたけ	farm field
坂	さか	slope
隣	となり	next door
後ろ	うしろ	back side
左	ひだり	left
南	みなみ	south
東	ひがし	east
貝	かい	shellfish
蟹	かに	crab
鶏	にわとり	chicken
狐	きつね	fox
扉	とびら	door
宝	たから	treasure
鬼	おに	ogre
人形	にんぎょう	doll
花火	はなび	fireworks
誕生日	たんじょうび	birthday
昔	むかし	long ago
世界	せかい	world
三つ	みっつ	three things
袖	そで	sleeve
鶴	つる	crane
朝ご飯	あさごはん	breakfast
昼ご飯	ひるごはん	lunch
晩ご飯	ばんごはん	dinner
従兄弟	いとこ	cousin
男の子	おとこのこ	boy
女の子	おんなのこ	girl
平仮名	ひらがな	hiragana
片仮名	かたかな	katakana
建物	たてもの	building
窓口	まどぐち	counter window
紙袋	かみぶくろ	paper bag
番号	ばんごう	number
肉屋	にくや	butcher
花屋	はなや	florist
食べ物	たべもの	food
飲み物	のみもの	drink
弁当	べんとう	boxed lunch
お握り	おにぎり	rice ball
納豆	なっとう	natto
胡椒	こしょう	pepper
玉葱	たまねぎ	onion
白菜	はくさい	napa cabbage
氷水	こおりみず	ice water
箸置き	はしおき	chopstick rest
紫	むらさき	purple
