Term [ja],Description [ja],Part of Speech [ja],Status [ja],Term [en],Description [en],Part of Speech [en],Status [en],Concept Definition
魔導石,,noun,preferred,Mana Stone,,noun,preferred,A stone that stores magical power & channels it.
魔導石,,noun,preferred,Magic Stone,Used in the first draft; do not use.,noun,obsolete,
星詠み,,noun,preferred,Stargazer,,noun,preferred,
星詠み,,noun,preferred,Star Reader,,noun,not recommended,
灰の書庫,,noun,preferred,Ashen Archive,,noun,preferred,
暁の騎士団,,noun,preferred,Order of Dawn,,noun,preferred,
暁の騎士団,,noun,preferred,Dawn Knights,,noun,obsolete,
ルーンゲート,,noun,preferred,Rune Gate,,noun,preferred,
ルーンゲート,,noun,preferred,Runegate,,noun,admitted,
