"date","time_jst","text"
"2026-10-10","18:30","放課後等デイサービス・児童発達支援の管理者の方へ。虐待防止・身体拘束・BCPは、要件が1つ欠けるだけで減算の対象になります。自分の事業所の状況を確認できる無料の診断ページを公開しました。
https://masahiro20.github.io/new-project/check/"
"2026-10-11","18:30","虐待防止措置未実施減算（所定単位数の1%）の要件は3つ。
①委員会を年1回以上開き、結果を周知
②研修を年1回以上
③担当者を置く
「開いたが議事録がない」は運営指導でよく指摘されます。
https://masahiro20.github.io/new-project/guide/gyakutai-boushi-gensan/"
"2026-10-12","12:10","「身体拘束はしていないから、指針も委員会もいらない」と思っていませんか。していなくても、記録・委員会・指針・研修の4要件は必要です。放デイ・児発は所定単位数の1%の減算。
https://masahiro20.github.io/new-project/check/"
"2026-10-13","12:10","放デイで、どこからが身体拘束にあたるか。パニック時に体を押さえる、クールダウン室の扉を施錠する、外出時のハーネスなど。迷いやすい場面は、委員会で事前に整理しておくと判断がぶれにくくなります。
https://masahiro20.github.io/new-project/guide/houkago-day-gensan/"
"2026-10-14","12:10","業務継続計画未策定減算の経過措置は令和7年3月末で終わり、今は全面適用です。放デイでは、休校や下校時刻の変更、送迎ルートの災害も計画に入れておくと安心です。
https://masahiro20.github.io/new-project/check/"
"2026-10-15","12:10","虐待防止・身体拘束の減算は、基準を満たしていない事実が生じた月の翌月から、改善が認められた月まで、利用者全員について行われます。気づいたときに早めに整えるのが一番の対策です。
https://masahiro20.github.io/new-project/check/"
"2026-10-16","12:10","虐待防止委員会の議事録、どう書けばいいか迷う方へ。架空の事業所で作った議事録・研修資料・指針の見本を、Wordで保存できる形で無料公開しています。
https://masahiro20.github.io/new-project/samples/"
"2026-10-17","18:30","児童発達支援も、虐待防止・身体拘束・BCPの3つの減算（いずれも所定単位数の1%）の対象です。研修は年1回以上に加え、新規採用時にも行うことが望ましいとされています。
https://masahiro20.github.io/new-project/guide/jidou-hattatsu-gensan/"
"2026-10-18","18:30","虐待防止委員会と身体拘束等適正化委員会は、一体的に開催できます。オンラインでの開催も可能です。その場合も、議事録には両方の議題を扱ったことがわかるように残しておきましょう。
https://masahiro20.github.io/new-project/guide/houkago-day-gensan/"
"2026-10-19","12:10","「研修はしたのに記録がない」は運営指導でよくある指摘です。資料と参加者名簿に加え、欠席した職員へのフォロー（資料の配布や追加の受講）も記録しておきましょう。
https://masahiro20.github.io/new-project/samples/"
"2026-10-20","12:10","放デイには、虐待防止・身体拘束・BCPのほかに、支援プログラム未公表減算（所定単位数の85%で算定）や情報公表未報告減算（5%）もあります。あわせて確認しておくと安心です。
https://masahiro20.github.io/new-project/guide/houkago-day-gensan/"
"2026-10-21","12:10","運営指導の前に見直したい書類をチェックリストにまとめました。委員会の議事録、研修の記録、指針、運営規程の記載、BCP。「あるはず」が「見つからない」になりやすい書類です。
https://masahiro20.github.io/new-project/guide/unei-shidou-junbi/"
"2026-10-22","12:10","令和9年度の報酬改定に向けた検討が進んでいます。今のところ減算要件の見直しは示されていません。改定案が出たら解説を更新します。今の要件を満たしているかは、無料診断で確認できます。
https://masahiro20.github.io/new-project/check/"
"2026-10-23","12:10","減算ゼロは、障害福祉事業所の書類づくりを手伝うサイトです。診断・解説・書類の見本は無料で使えます。制度の最終確認は、指定権者の通知でお願いします。ご意見は返信でお寄せください。
https://masahiro20.github.io/new-project/"
