project,metric,unit,week_ending,target,note
P0,サイト訪問,回/週,2026-11-08,200,p0-growth.md §3
P0,無料診断の完了,件(累計),2026-11-08,60,p0-growth.md §3
P0,見本の保存,件(累計),2026-11-08,40,p0-growth.md §3
P0,Search Console クリック,回/週,2026-11-08,100,p0-growth.md §3
P0,購入,件(累計),2026-11-08,5,revenue-map §4
P0,売上,円(累計),2026-11-08,17880,6件前後×2980円
P2,計算機の訪問,回/週,2026-11-08,300,仮置き
P2,Budget Guard 待機リスト,件(累計),2026-11-08,30,revenue-map §4
P2,Budget Guard 有料,人,2026-11-08,2,revenue-map §4
P8,itch ページ閲覧,回(累計),2026-10-19,1000,p8-launch.md §5
P8,ブラウザでのプレイ,回(累計),2026-10-19,300,p8-launch.md §5
P8,投げ銭,件(累計),2026-10-19,1,p8-launch.md §5
P7,Vol.0 販売,件(累計),2026-11-08,5,dashboard 今週のトップ3
全体,売上合計,円(累計),2026-11-08,25000,30日の標準目標
