id,日本語表記,英訳,英語の解説,ジャンル,分類,危険度,根拠,作成,要確認,確認してほしい点,専門家の判定(OK/修正/削除),修正案,コメント
gokubihin,極美品,Excellent+ (near mint),Rank above 美品: near mint with minimal wear. Shops use it fairly consistently; private sellers may be generous.,general,rank,positive,中古カメラ店・時計店のランク表記の慣行,AI作成・Ren(AI)確認済み,★,ランクの序列（極美品>超美品>美品>良品>並品）がショップ間で通用するか,,,
choubihin,超美品,Excellent (very fine),'Super fine' – roughly between 美品 and 極美品. Not standardised; compare with the photos.,general,rank,positive,中古カメラ店・時計店のランク表記の慣行,AI作成・Ren(AI)確認済み,★,ランクの序列,,,
ryouhin,良品,Good (normal wear),Shop rank below 美品: normal signs of use. Also used loosely to mean simply 'a good item'.,general,rank,low,中古カメラ店・時計店のランク表記の慣行,AI作成・Ren(AI)確認済み,★,ランクの序列,,,
namihin,並品,Average (noticeable wear),"Camera-shop rank below 良品: clearly used with visible wear. Usually still functional when sold by a shop, but check the notes.",general,rank,medium,中古カメラ店・時計店のランク表記の慣行,AI作成・Ren(AI)確認済み,★,ランクの序列,,,
fushoku,腐食,Corrosion,"Corrosion of metal or other parts (battery contacts, prism silvering, watch case). Can be cosmetic or a serious functional problem depending on where.",general,defect,high,中古カメラ・時計の出品で一般的な用語,AI作成・Ren(AI)確認済み,★,「腐食」を一律で高リスクにしてよいか,,,
mikakunin,未確認,Not checked,"Something was not verified – read what (function, authenticity, parts). Untested items should be priced as faulty.",general,condition,high,中古カメラ・時計の出品で一般的な用語,AI作成・Ren(AI)確認済み,★,単体「未確認」を高リスクにしてよいか,,,
henpin_fuka,返品不可 / 返品はお受けできません / 返品・返金不可 / ノーリターン,No returns,Returns are not accepted. Ask questions before bidding or buying.,general,return,high,出品文・取引条件の定型句,AI作成・Ren(AI)確認済み,★,ノーリターン単体の扱い,,,
shiroto_hokan,素人保管,Stored by an amateur,"Stored by a non-expert, not in proper conditions. Often a hint of possible mould, haze or storage damage.",general,seller,medium,個人出品の定型の免責表現,AI作成・Ren(AI)確認済み,★,危険度（中）が妥当か,,,
kuwashikunai,素人なので詳しくありません / 詳しくありません / 詳しくないので / 詳しくないため / 知識がないため / 素人のため,Seller is not knowledgeable,Seller says they don't know the item well. It shifts responsibility to you; descriptions may be incomplete or wrong.,general,seller,medium,個人出品の定型の免責表現,AI作成・Ren(AI)確認済み,★,危険度（中）が妥当か,,,
n_hin,N品 / N級品,"N-grade (fake, slang)",Slang used by sellers of counterfeits to mean a high-grade copy. Not genuine.,general,authenticity,high,中古カメラ・時計の出品で一般的な用語,AI作成・Ren(AI)確認済み,★,スラングとしての意味・使われ方,,,
heikou_yunyu,並行輸入 / 並行輸入品 / 並行品,Grey import,Genuine item imported outside the official distributor. Japanese official service or warranty may not apply.,general,authenticity,info,中古カメラ・時計の出品で一般的な用語,AI作成・Ren(AI)確認済み,★,並行輸入の説明（保証の扱い）,,,
manual,取扱説明書 / 取説 / 説明書 / 使用説明書,Instruction manual,The instruction manual. Nice to have; not important for function.,general,accessory,info,中古カメラ・時計の出品で一般的な用語,AI作成・Ren(AI)確認済み,★,「説明書」の扱い,,,
bunkai_ato,分解跡 / 分解歴あり / 分解歴有り / カニ目傷,Signs of disassembly,"Marks showing it has been opened (scratched screws, tool marks on lens spanner slots). Could be pro service or an amateur attempt.","camera,watch",defect,medium,中古カメラ・時計の出品で一般的な用語,AI作成・Ren(AI)確認済み,★,カニ目傷を分解跡に含めてよいか,,,
yellowing,黄変 / ヤケ / 黄ばみ,Yellowing / discolouration,"Lenses: yellow tint (often thorium glass; UV light can reduce it). Bodies/leather: sun fading. Watches: dial or lume ageing, which some collectors like.","camera,watch",defect,medium,中古カメラ・時計の出品で一般的な用語,AI作成・Ren(AI)確認済み,★,ヤケ（外装の日焼け）と黄変（レンズ）を同じ語にしてよいか,,,
kabi,カビ / かび / 黴,Fungus (lens mould),Fungus growth inside the lens. It can etch coatings and spread; removal needs disassembly and may leave marks.,camera,defect,high,中古カメラ・時計の出品で一般的な用語,AI作成・Ren(AI)確認済み,★,カビ＝高、くもり＝中 の区別が妥当か,,,
kumori,くもり / クモリ / 曇り,Haze,"Haze inside the lens, which lowers contrast. Light haze may clean off; haze in cemented groups or glass often cannot.",camera,defect,medium,中古カメラ・時計の出品で一般的な用語,AI作成・Ren(AI)確認済み,★,カビ＝高、くもり＝中 の区別が妥当か,,,
dust,チリ / ホコリ / 埃 / 塵 / チリ混入 / ホコリ混入,Dust inside the lens,Dust specks inside the lens. Small amounts are normal in old lenses and rarely affect images.,camera,defect,low,中古カメラ・時計の出品で一般的な用語,AI作成・Ren(AI)確認済み,★,「チリ」の誤検出（国名）,,,
shutter_naki,シャッター鳴き,Shutter squeal,"Squeaking noise when firing, a known issue on some models (e.g. Canon A-series). Needs lubrication.",camera,defect,medium,中古カメラ・時計の出品で一般的な用語,AI作成・Ren(AI)確認済み,★,キヤノンA系の例示が適切か,,,
af,AF / オートフォーカス,Autofocus (AF),"Autofocus lens or camera. Check that AF works, not just manual focus.",camera,mechanism,info,中古カメラ・時計の出品で一般的な用語,AI作成・Ren(AI)確認済み,★,短い英字の誤検出,,,
mf,MF / マニュアルフォーカス,Manual focus (MF),Manual-focus lens or camera.,camera,mechanism,info,中古カメラ・時計の出品で一般的な用語,AI作成・Ren(AI)確認済み,★,短い英字の誤検出,,,
hood,フード / レンズフード,Lens hood,Lens hood. Original maker hoods can be valuable for some vintage lenses.,camera,accessory,info,中古カメラ・時計の出品で一般的な用語,AI作成・Ren(AI)確認済み,★,「フード」の誤検出（衣類など）。ジャンル絞り込みで足りるか,,,
hari,針 / 時針 / 分針 / 秒針,Hands,Watch hands. Check they are original and that the lume matches the dial.,watch,part,info,中古カメラ・時計の出品で一般的な用語,AI作成・Ren(AI)確認済み,★,「針」の誤検出（カメラの露出計の針など）,,,
nissa,日差,Daily rate (sec/day),"Seconds gained or lost per day. For vintage mechanical watches, roughly ±30 s/day is a common rough tolerance (varies by model); much more suggests a service is due.",watch,mechanism,info,中古カメラ・時計の出品で一般的な用語,AI作成・Ren(AI)確認済み,★,±30秒/日の目安が妥当か（機種差）,,,
seido,精度,Accuracy,Timekeeping accuracy. Ask how it was measured (timegrapher vs. a short check).,watch,mechanism,info,中古カメラ・時計の出品で一般的な用語,AI作成・Ren(AI)確認済み,★,「精度」の誤検出,,,
tomaru,止まる / 止まります / 時々止まる / 止まることがあります / 止まる事があります,Stops (intermittently),The watch stops sometimes. Usually needs a service; can be a sign of worn or dirty parts.,watch,defect,high,中古カメラ・時計の出品で一般的な用語,AI作成・Ren(AI)確認済み,★,「止まる」の誤検出,,,
oh,オーバーホール / OH / O/H,Overhaul (service),"Full service of a movement or mechanism. Read whether it was done, needed, or recommended.","camera,watch",service,info,中古カメラ・時計の出品で一般的な用語,AI作成・Ren(AI)確認済み,★,「OH」「O/H」の誤検出,,,
kenma,研磨 / 研磨済み / ポリッシュ / 新品仕上げ,Polished / refinished,"Case was polished. Removes scratches but also metal, softening edges and lowering collector value.",watch,condition,medium,中古カメラ・時計の出品で一般的な用語,AI作成・Ren(AI)確認済み,★,新品仕上げを研磨に含めてよいか,,,
dekaatsu,デカ厚,Big and thick (style),"Japanese term for oversized, thick watches.",watch,part,info,中古カメラ・時計の出品で一般的な用語,AI作成・Ren(AI)確認済み,★,語の採否（必要か）,,,
homage,オマージュ / オマージュウォッチ,Homage watch,Design that copies a famous model under a different brand. Legal but not the original; not collector value.,watch,authenticity,medium,中古カメラ・時計の出品で一般的な用語,AI作成・Ren(AI)確認済み,★,危険度（中）が妥当か,,,
ss,SS / ステンレス / ステンレススチール,Stainless steel (SS),Stainless steel case or bracelet.,watch,part,info,中古カメラ・時計の出品で一般的な用語,AI作成・Ren(AI)確認済み,★,「SS」の誤検出（SSランク等）,,,
yg,YG / イエローゴールド,Yellow gold (YG),Yellow gold. Check whether it is solid (K18/K14) or plated.,watch,part,info,中古カメラ・時計の出品で一般的な用語,AI作成・Ren(AI)確認済み,★,短い英字の誤検出,,,
wg,WG / ホワイトゴールド,White gold (WG),White gold. Check karat stamps.,watch,part,info,中古カメラ・時計の出品で一般的な用語,AI作成・Ren(AI)確認済み,★,短い英字の誤検出,,,
pg,PG / ピンクゴールド,Pink gold (PG),Pink gold. Check karat stamps.,watch,part,info,中古カメラ・時計の出品で一般的な用語,AI作成・Ren(AI)確認済み,★,短い英字の誤検出,,,
rg,RG / ローズゴールド,Rose gold (RG),Rose gold. Check karat stamps.,watch,part,info,中古カメラ・時計の出品で一般的な用語,AI作成・Ren(AI)確認済み,★,短い英字の誤検出,,,
gp,GP / 金メッキ / ゴールドメッキ / ゴールドプレート,Gold plated (GP),Thin gold plating over base metal. Wears through at edges; much less valuable than solid gold.,watch,part,info,中古カメラ・時計の出品で一般的な用語,AI作成・Ren(AI)確認済み,★,短い英字の誤検出,,,
gf,GF / 金張り / ゴールドフィルド,Gold filled (GF),Thicker gold layer bonded to base metal. More durable than plating but not solid gold.,watch,part,info,中古カメラ・時計の出品で一般的な用語,AI作成・Ren(AI)確認済み,★,短い英字の誤検出,,,
atom_lens,アトムレンズ / 放射性レンズ / トリウムレンズ,Thorium (radioactive) lens,Some 1950s–70s lenses used thorium glass. Mildly radioactive and turns yellow-brown over time; UV light can reduce the tint. Check shipping rules in your country.,"camera,lens",part,low,中古カメラ・時計の出品で一般的な用語,AI作成・Ren(AI)確認済み,★,放射性レンズの説明（発送規制の書き方）,,,
lens_contact,接点不良 / レンズ通信不良 / レンズ通信エラー / 通信エラー表示,Contact / communication fault,"Electrical contacts don't connect reliably. On lenses, the body can't talk to the lens (aperture or AF errors). Cleaning sometimes fixes it; often needs repair.","camera,lens",defect,high,中古カメラ・時計の出品で一般的な用語,AI作成・Ren(AI)確認済み,★,「接点不良」の誤検出（家電など）。説明文は汎用にしてある,,,
ten_kizu,点キズ / 点傷,Pinpoint marks,"Tiny dot-like marks, usually on lens glass. A few rarely show in photos; many on the rear element matter more than on the front.","camera,lens",defect,low,中古カメラ・時計の出品で一般的な用語,AI作成・Ren(AI)確認済み,★,「点傷」の誤検出（家具など）と危険度（低）,,,
self_timer_fudou,セルフタイマー不動 / セルフタイマー不良 / セルフタイマー動かず / セルフ不動,Self-timer doesn't work,"The self-timer is broken. Usually doesn't affect normal shooting, but on some bodies a jammed timer can block the shutter.","camera,film_camera",defect,low,中古カメラ・時計の出品で一般的な用語,AI作成・Ren(AI)確認済み,★,「不動」=高 より優先して低にしてよいか,,,
makimodoshi_fuuryou,巻き戻し不良 / 巻き戻しできない / 巻き戻し不可 / 巻戻し不良,Rewind fault,Film (or tape) can't be rewound. On a camera you'd have to open the back in a dark bag to save the roll. Needs repair.,"camera,film_camera",defect,high,中古カメラ・時計の出品で一般的な用語,AI作成・Ren(AI)確認済み,★,「巻き戻し不良」の誤検出（カセットデッキ等）,,,
kousen_more,光線漏れ / 光漏れ,Light leak,"Stray light reaches the film, leaving streaks or fogging — usually from rotten seals or a damaged back. On a digital screen, 光漏れ means backlight bleed.","camera,film_camera",defect,high,中古カメラ・時計の出品で一般的な用語,AI作成・Ren(AI)確認済み,★,「光漏れ」が液晶のバックライト漏れの意味でも出る,,,
jissha_mikakunin,実写未確認 / 試写未確認 / 試写はしていません / 試写していません,Not tested with film,"The seller didn't shoot a test roll. Shutter and meter may work, but light leaks, shutter capping or focus errors would only show on film.","camera,film_camera",condition,medium,中古カメラ・時計の出品で一般的な用語,AI作成・Ren(AI)確認済み,★,「実写未確認」を中リスクにしてよいか（「未確認」=高 より優先される）,,,
kandouhin,完動品,Fully working (claimed),"Seller claims every function works. Ask what was tested — on cameras, whether all shutter speeds and the meter were checked and film was shot.","general,camera",condition,positive,中古カメラ・時計の出品で一般的な用語,AI作成・Ren(AI)確認済み,★,「完動品」を安心材料（positive）にしてよいか,,,
cond_new_unused,新品、未使用 / 新品・未使用,Platform grade: New / unused,"Top grade on the Mercari/Yahoo/Rakuma condition scale. The seller picks the grade themselves, so check photos and the description for storage age or missing items.",general,rank,positive,メルカリ・ヤフオク・ラクマ共通の「商品の状態」選択肢,AI作成・Ren(AI)確認済み,,,,,
cond_near_unused,未使用に近い,Platform grade: Like new,"Second grade on the platform scale: used only briefly or very lightly. Seller-chosen, not inspected by the platform.",general,rank,low,メルカリ・ヤフオク・ラクマ共通の「商品の状態」選択肢,AI作成・Ren(AI)確認済み,,,,,
cond_no_noticeable_marks,目立った傷や汚れなし,Platform grade: No noticeable marks,"Middle-upper platform grade: used, but no obvious scratches or stains at a glance. Small marks and internal issues (e.g. lens haze) can still exist.",general,rank,low,メルカリ・ヤフオク・ラクマ共通の「商品の状態」選択肢,AI作成・Ren(AI)確認済み,,,,,
cond_some_marks,やや傷や汚れあり,Platform grade: Some marks,Platform grade meaning visible but minor scratches or dirt. Read the description and zoom into photos to see where and how bad.,general,rank,medium,メルカリ・ヤフオク・ラクマ共通の「商品の状態」選択肢,AI作成・Ren(AI)確認済み,,,,,
cond_marks,傷や汚れあり,Platform grade: Scratches / stains,Platform grade for clearly worn items with obvious scratches or stains. Expect cosmetic wear; function is not implied either way.,general,rank,medium,メルカリ・ヤフオク・ラクマ共通の「商品の状態」選択肢,AI作成・Ren(AI)確認済み,,,,,
cond_poor,全体的に状態が悪い,Platform grade: Poor overall,"Lowest platform grade. Usually heavy wear or damage, often close to junk. Assume repairs may be needed.",general,rank,high,メルカリ・ヤフオク・ラクマ共通の「商品の状態」選択肢,AI作成・Ren(AI)確認済み,,,,,
shinpin,新品,New,Brand new. For vintage items this may really mean old unsold stock; check whether it was stored for years.,general,condition,positive,中古カメラ・時計の出品で一般的な用語,AI作成・Ren(AI)確認済み,,,,,
mishiyou,未使用 / 未使用品,Unused,"Never used, but not necessarily new in box. Old unused cameras/watches can still have dried lubricants or storage damage.",general,condition,positive,中古カメラ・時計の出品で一般的な用語,AI作成・Ren(AI)確認済み,,,,,
chuko,中古 / 中古品,Used / second-hand,Pre-owned item. On its own it says nothing about condition; look for the grade and the defect notes.,general,condition,info,中古カメラ・時計の出品で一般的な用語,AI作成・Ren(AI)確認済み,,,,,
shinkohin,新古品,New old stock / unused old item,Unused but not sold as new (old stock or a gift never used). Age-related issues such as dried grease or dead batteries are still possible.,general,condition,low,中古カメラ・時計の出品で一般的な用語,AI作成・Ren(AI)確認済み,,,,,
deadstock,デッドストック,Dead stock (old unsold stock),"Old stock never sold or used. Desirable to collectors, but long storage can cause hardened oils, seals or straps decaying.",general,condition,low,中古カメラ・時計の出品で一般的な用語,AI作成・Ren(AI)確認済み,,,,,
bihin,美品,Good-looking (fine) condition,"Literally 'beautiful item': clean with only light wear. Very widely and loosely used by private sellers; it describes looks, not function.",general,rank,low,中古カメラ店・時計店のランク表記の慣行,AI作成・Ren(AI)確認済み,,,,,
shiyoukan,使用感あり / 使用感有り / 使用感があります,Shows signs of use,The item shows visible wear from use. How much varies a lot; check the photos.,general,condition,medium,中古カメラ・時計の出品で一般的な用語,AI作成・Ren(AI)確認済み,,,,,
keinen_rekka,経年劣化 / 経年による,Age-related wear,"Deterioration from age (discoloured materials, worn finish, hardened parts). Sellers often use it to explain away defects; ask what exactly is affected.",general,condition,medium,中古カメラ・時計の出品で一般的な用語,AI作成・Ren(AI)確認済み,,,,,
kokizu,小傷 / 小キズ / 細かな傷 / 細かいキズ / 小さな傷,Minor scratches,"Small or fine scratches. Usually cosmetic, but on lens glass or a watch crystal location matters.",general,defect,low,中古カメラ・時計の出品で一般的な用語,AI作成・Ren(AI)確認済み,,,,,
sure,スレ傷 / スレキズ / 擦れ / スレあり,Scuffs / rub marks,"Rubbing wear, typically on edges, corners or bracelet surfaces. Cosmetic.",general,defect,low,中古カメラ・時計の出品で一般的な用語,AI作成・Ren(AI)確認済み,,,,,
dakon,打痕,Dent / impact mark,Mark from a knock or drop. On a camera or watch case it can mean an impact that also affected the internals.,general,defect,medium,中古カメラ・時計の出品で一般的な用語,AI作成・Ren(AI)確認済み,,,,,
ekimore,液漏れ / 液漏れ跡 / 電池液漏れ,Battery leakage,A battery leaked inside. Corrosion can damage contacts and circuits; often a repair job even if cleaned.,general,defect,high,中古カメラ・時計の出品で一般的な用語,AI作成・Ren(AI)確認済み,,,,,
nan_ari,難あり / 難有り,Has a problem / flawed,The seller admits a defect. Read carefully what the problem is; it may be cosmetic or functional.,general,condition,high,中古カメラ・時計の出品で一般的な用語,AI作成・Ren(AI)確認済み,,,,,
wake_ari,訳あり / 訳有り / ワケあり / わけあり,Sold with a catch,"'There is a reason' – discounted because of a flaw, missing part or unclear background. Find out what the reason is before buying.",general,condition,high,中古カメラ・時計の出品で一般的な用語,AI作成・Ren(AI)確認済み,,,,,
genjouhin,現状品,Sold as-is,Sold in its current state without checking or repair. Usually no returns for defects; treat as untested.,general,condition,high,中古カメラ・時計の出品で一般的な用語,AI作成・Ren(AI)確認済み,,,,,
genjou_watashi,現状渡し / 現状でのお渡し / 現状のまま,As-is handover,Handed over as-is with no repairs or guarantees. Defects found later are typically your problem.,general,return,high,出品文・取引条件の定型句,AI作成・Ren(AI)確認済み,,,,,
junk,ジャンク / ジャンク品 / ジャンク扱い,Junk (sold as-is),Sold as broken or untested with no returns. Can be anything from fully working to parts-only; price it as non-working.,general,condition,high,中古カメラ・時計の出品で一般的な用語,AI作成・Ren(AI)確認済み,,,,,
buhintori,部品取り / 部品取り用,For parts only,Sold as a parts donor. Expect it not to work and possibly not to be repairable.,general,condition,high,中古カメラ・時計の出品で一般的な用語,AI作成・Ren(AI)確認済み,,,,,
dousa_mikakunin,動作未確認,Function not tested,The seller has not checked if it works. In practice often means it does not work or they suspect so; treat as junk.,general,condition,high,中古カメラ・時計の出品で一般的な用語,AI作成・Ren(AI)確認済み,,,,,
dousa_kakunin_zumi,動作確認済み / 動作確認済 / 動作品 / 動作OK,Tested and working,Seller says it works. Check how it was tested; a basic check may miss issues like inaccurate shutter speeds or poor timekeeping.,general,condition,positive,中古カメラ・時計の出品で一般的な用語,AI作成・Ren(AI)確認済み,,,,,
tsuuden_only,通電確認のみ / 通電のみ確認,Power-on check only,Only confirmed that it powers on. Other functions were not tested.,general,condition,high,中古カメラ・時計の出品で一般的な用語,AI作成・Ren(AI)確認済み,,,,,
fudou,不動 / 不動品,Not working,Does not work at all. Repair cost for vintage cameras/watches can easily exceed the item price.,general,condition,high,中古カメラ・時計の出品で一般的な用語,AI作成・Ren(AI)確認済み,,,,,
hoshou_nashi,保証なし / 保証無し,No warranty,"No warranty is offered. Once delivered, defects are generally your responsibility; often paired with no returns.",general,return,high,出品文・取引条件の定型句,AI作成・Ren(AI)確認済み,,,,,
ncnr,ノークレームノーリターン / ノークレーム・ノーリターン / NCNR / ノンクレームノンリターン / ノンクレーム・ノンリターン,"No claims, no returns (NCNR)","Seller refuses complaints and returns. Common on Yahoo! Auctions; for an overseas buyer via a proxy, assume you cannot return the item.",general,return,high,出品文・取引条件の定型句,AI作成・Ren(AI)確認済み,,,,,
henpin_ka,返品可 / 返品可能 / 返品OK,Returns accepted,"The seller accepts returns, often within a stated period. Check conditions; return shipping from abroad may be costly.",general,return,positive,出品文・取引条件の定型句,AI作成・Ren(AI)確認済み,,,,,
shokifuryo,初期不良対応 / 初期不良のみ対応 / 初期不良のみ返品可,Dead-on-arrival support,"The seller will deal with defects found right on arrival, usually within a few days. Through a proxy service, that window may pass before you receive it.",general,return,positive,出品文・取引条件の定型句,AI作成・Ren(AI)確認済み,,,,,
shashin_handan,写真でご判断ください / 写真でご判断下さい / 画像でご判断ください / 画像でご判断下さい / 写真にてご判断ください / 画像にてご判断ください,Judge from the photos,The seller won't describe condition further. Anything not visible in the photos is not covered; ask for extra photos if needed.,general,seller,medium,個人出品の定型の免責表現,AI作成・Ren(AI)確認済み,,,,,
shinkeishitsu,神経質な方はご遠慮ください / 神経質な方はご遠慮下さい / 神経質な方は入札をご遠慮ください / 神経質な方はお控えください,Not for picky buyers,'Fussy buyers please avoid.' Usually means there are flaws the seller doesn't want complaints about.,general,seller,medium,個人出品の定型の免責表現,AI作成・Ren(AI)確認済み,,,,,
chuko_rikai,中古品にご理解のある方 / 中古品にご理解ある方 / 中古にご理解のある方 / 中古品であることをご理解の上,Buyers who accept used goods,A disclaimer that wear and minor issues should be expected and won't be accepted as complaints.,general,seller,medium,個人出品の定型の免責表現,AI作成・Ren(AI)確認済み,,,,,
jitaku_hokan,自宅保管 / 自宅保管品,Stored at home,"Kept in a private home, not a controlled environment. Japan's humidity makes mould in lenses and rust a real possibility.",general,seller,low,個人出品の定型の免責表現,AI作成・Ren(AI)確認済み,,,,,
choki_hokan,長期保管 / 長期保管品,Long-term storage,"Unused for a long time. Lubricants may have dried or migrated, light seals and batteries may have degraded.",general,condition,medium,中古カメラ・時計の出品で一般的な用語,AI作成・Ren(AI)確認済み,,,,,
kitsuensha,喫煙者 / 喫煙環境,Smoking household,"Item came from a home with a smoker. Smoke odour and residue can be present, including on lens elements.",general,seller,low,個人出品の定型の免責表現,AI作成・Ren(AI)確認済み,,,,,
kinen,禁煙環境 / 非喫煙者,Non-smoking household,Item kept in a smoke-free home.,general,seller,positive,個人出品の定型の免責表現,AI作成・Ren(AI)確認済み,,,,,
pet,ペットあり / ペット有り / ペットを飼っています,Pets in household,Home with pets. Pet hair or odour may be present.,general,seller,low,個人出品の定型の免責表現,AI作成・Ren(AI)確認済み,,,,,
shingan_fumei,真贋不明 / 真贋未確認 / 真偽不明,Authenticity unknown,Seller does not vouch that it is genuine. Often a way to list fakes without claiming they are real; assume it may not be genuine.,general,authenticity,high,中古カメラ・時計の出品で一般的な用語,AI作成・Ren(AI)確認済み,,,,,
honmono_hoshou_nashi,本物保証なし / 本物の保証はできません,No authenticity guarantee,The seller will not guarantee the item is genuine. Treat as possibly fake.,general,authenticity,high,中古カメラ・時計の出品で一般的な用語,AI作成・Ren(AI)確認済み,,,,,
kanteizumi,鑑定済み / 鑑定済,Authenticated (appraised),Seller says it was checked for authenticity. Ask who appraised it; a shop or professional appraisal is worth more than a claim.,general,authenticity,positive,中古カメラ・時計の出品で一般的な用語,AI作成・Ren(AI)確認済み,,,,,
seikihin,正規品,Genuine product,"Claims the item is a genuine brand product. A claim only; check serials, photos and provenance.",general,authenticity,low,中古カメラ・時計の出品で一般的な用語,AI作成・Ren(AI)確認済み,,,,,
copy,コピー品 / コピー商品,Counterfeit / copy,A fake. Importing counterfeits can be illegal in many countries and they may be seized at customs.,general,authenticity,high,中古カメラ・時計の出品で一般的な用語,AI作成・Ren(AI)確認済み,,,,,
replica,レプリカ,Replica,"A reproduction, not the original brand item. For branded goods this generally means a fake.",general,authenticity,high,中古カメラ・時計の出品で一般的な用語,AI作成・Ren(AI)確認済み,,,,,
super_copy,スーパーコピー,'Super copy' (high-grade fake),Slang for a high-quality counterfeit. It is not genuine regardless of how good it looks.,general,authenticity,high,中古カメラ・時計の出品で一般的な用語,AI作成・Ren(AI)確認済み,,,,,
no_brand,ノーブランド / ノンブランド,Unbranded,"No brand or unknown maker. If the item looks like a famous brand, it may be a copy or homage.",general,authenticity,medium,中古カメラ・時計の出品で一般的な用語,AI作成・Ren(AI)確認済み,,,,,
shagaihin,社外品,Aftermarket / third-party,"Not made by the original manufacturer (part, accessory or the item itself). Usually lowers collector value.",general,part,medium,中古カメラ・時計の出品で一般的な用語,AI作成・Ren(AI)確認済み,,,,,
junsei,純正 / 純正品,Genuine OEM (original maker),Made by the original manufacturer. Does not by itself mean original to this particular item.,general,part,positive,中古カメラ・時計の出品で一般的な用語,AI作成・Ren(AI)確認済み,,,,,
kokunai_seiki,国内正規品 / 国内正規,Japan official (domestic) item,Sold through the official Japanese distributor. Usually comes with domestic warranty paperwork if complete.,general,authenticity,positive,中古カメラ・時計の出品で一般的な用語,AI作成・Ren(AI)確認済み,,,,,
antique,アンティーク / ヴィンテージ / ビンテージ,Antique / vintage,Old item. Used loosely; age alone says nothing about condition or originality.,general,condition,info,中古カメラ・時計の出品で一般的な用語,AI作成・Ren(AI)確認済み,,,,,
fuzokuhin_nashi,付属品なし / 付属品無し,No accessories,"Comes without box, papers, caps or other accessories. Lowers collector value.",general,accessory,low,中古カメラ・時計の出品で一般的な用語,AI作成・Ren(AI)確認済み,,,,,
fuzokuhin_kanbi,付属品完備 / 付属品完品,All accessories included,All accessories said to be present. Check the photos against what the item originally came with.,general,accessory,positive,中古カメラ・時計の出品で一般的な用語,AI作成・Ren(AI)確認済み,,,,,
keppin,欠品 / 欠品あり / 欠品有り,Missing parts / items,Something is missing. Check whether it is an accessory or a functional part.,general,accessory,medium,中古カメラ・時計の出品で一般的な用語,AI作成・Ren(AI)確認済み,,,,,
hako_nashi,箱なし / 箱無し / 箱無,No box,"Sold without the box. Matters for collector value, especially for watches.",general,accessory,low,中古カメラ・時計の出品で一般的な用語,AI作成・Ren(AI)確認済み,,,,,
motobako,元箱 / 元箱付き / 箱付き,Original box,Comes with the original box. Check it is the box for this model and not a generic replacement.,general,accessory,positive,中古カメラ・時計の出品で一般的な用語,AI作成・Ren(AI)確認済み,,,,,
hoshousho,保証書 / 保証書付き,Warranty certificate,Warranty paper. For vintage items it is usually expired but helps provenance; check that dates and numbers match.,general,accessory,info,中古カメラ・時計の出品で一般的な用語,AI作成・Ren(AI)確認済み,,,,,
honntai_nomi,本体のみ,Item only (no accessories),"Only the item itself; no box, papers, strap, caps etc.",general,accessory,low,中古カメラ・時計の出品で一般的な用語,AI作成・Ren(AI)確認済み,,,,,
ichien_start,1円スタート / 1円〜,Starts at 1 yen,Yahoo! Auctions listing starting at 1 yen. A sales tactic; the final price can be high and many such listings are junk or as-is.,general,service,info,中古カメラ・時計の出品で一般的な用語,AI作成・Ren(AI)確認済み,,,,,
sokketsu,即決,Buy-it-now price,Yahoo! Auctions fixed 'buy now' price that ends the auction immediately.,general,service,info,中古カメラ・時計の出品で一般的な用語,AI作成・Ren(AI)確認済み,,,,,
soku_kounyu,即購入可 / 即購入OK / 即購入歓迎,Instant purchase OK,Mercari: you can buy without asking first.,general,service,info,中古カメラ・時計の出品で一般的な用語,AI作成・Ren(AI)確認済み,,,,,
soku_kounyu_fuka,即購入不可 / 即購入禁止,Comment before buying,Mercari: seller asks you to comment before purchasing. Buying straight away may get cancelled.,general,service,info,中古カメラ・時計の出品で一般的な用語,AI作成・Ren(AI)確認済み,,,,,
kaigai_hassou_fuka,海外発送不可 / 海外発送はしておりません,No international shipping,Seller ships only within Japan. You would need a proxy or forwarding service.,general,service,info,中古カメラ・時計の出品で一般的な用語,AI作成・Ren(AI)確認済み,,,,,
tokumei,匿名配送,Anonymous shipping,Platform shipping where buyer and seller addresses are hidden. Domestic Japan only.,general,service,info,中古カメラ・時計の出品で一般的な用語,AI作成・Ren(AI)確認済み,,,,,
souryou_komi,送料込み / 送料無料,Shipping included,Domestic Japanese shipping is included. International or proxy shipping is extra.,general,service,info,中古カメラ・時計の出品で一般的な用語,AI作成・Ren(AI)確認済み,,,,,
nikoichi,ニコイチ,Two-into-one (built from 2 units),Made by combining parts of two units into one. Not original; collector value is lower and parts may be mismatched.,"general,camera,watch",authenticity,high,中古カメラ・時計の出品で一般的な用語,AI作成・Ren(AI)確認済み,,,,,
kataban,型番 / Ref. / リファレンス,Model / reference number,"Model or reference number. Check that it matches the dial, case and movement shown.","general,watch",part,info,中古カメラ・時計の出品で一般的な用語,AI作成・Ren(AI)確認済み,,,,,
kikaishiki,機械式,Mechanical,Mechanical (spring/gear driven) camera shutter or watch movement. Works without a battery but needs periodic servicing.,"camera,watch",mechanism,info,中古カメラ・時計の出品で一般的な用語,AI作成・Ren(AI)確認済み,,,,,
ura_buta,裏蓋 / 裏ぶた,Back cover / caseback,"Camera back door or watch caseback. On watches, check engravings and serial against the model.","camera,watch",part,info,中古カメラ・時計の出品で一般的な用語,AI作成・Ren(AI)確認済み,,,,,
oh_done,OH済み / OH済 / オーバーホール済み / オーバーホール済,Serviced (overhauled),Was overhauled. Ask when and by whom; a recent shop service with a receipt is worth much more than a vague claim.,"camera,watch",service,positive,中古カメラ・時計の出品で一般的な用語,AI作成・Ren(AI)確認済み,,,,,
denchi_kire,電池切れ,Battery dead,"Battery is dead so it was not tested. It may only need a battery, or it may be faulty; price as untested.","camera,watch",condition,medium,中古カメラ・時計の出品で一般的な用語,AI作成・Ren(AI)確認済み,,,,,
parts_replaced,部品交換 / パーツ交換 / 部品交換歴あり,Parts replaced,Some parts have been replaced. Ask whether they were genuine parts; non-original parts lower collector value.,"camera,watch",part,medium,中古カメラ・時計の出品で一般的な用語,AI作成・Ren(AI)確認済み,,,,,
balsam,バルサム切れ,Balsam separation,The cement between bonded lens elements has separated. Repair requires re-cementing and is rarely worthwhile.,camera,defect,high,中古カメラ・時計の出品で一般的な用語,AI作成・Ren(AI)確認済み,,,,,
fukikizu,拭き傷 / 拭きキズ / ふき傷,Cleaning marks,Fine scratches on glass from wiping. Usually little effect on images unless heavy; can cause flare.,camera,defect,medium,中古カメラ・時計の出品で一般的な用語,AI作成・Ren(AI)確認済み,,,,,
maedama,前玉,Front element,The front lens element. Scratches or coating damage here are visible but may affect images less than on the rear element.,camera,part,info,中古カメラ・時計の出品で一般的な用語,AI作成・Ren(AI)確認済み,,,,,
nakadama,中玉,Inner element(s),"Lens elements inside the barrel. Problems here (haze, fungus) need disassembly to fix.",camera,part,info,中古カメラ・時計の出品で一般的な用語,AI作成・Ren(AI)確認済み,,,,,
atodama,後玉,Rear element,The rear lens element. Damage here affects images more than on the front element.,camera,part,info,中古カメラ・時計の出品で一般的な用語,AI作成・Ren(AI)確認済み,,,,,
coating,コーティング,Lens coating,The anti-reflection coating on the glass. Usually mentioned with damage or wear.,camera,part,info,中古カメラ・時計の出品で一般的な用語,AI作成・Ren(AI)確認済み,,,,,
coating_damage,コーティング剥がれ / コーティングハゲ / コーティングムラ,Coating damage,Coating is worn or peeling. May increase flare and reduce contrast.,camera,defect,medium,中古カメラ・時計の出品で一般的な用語,AI作成・Ren(AI)確認済み,,,,,
lens_scratch,レンズ傷 / レンズキズ / レンズに傷,Scratch on lens glass,Scratch on the glass. Its effect depends on size and position; rear-element scratches matter more.,camera,defect,medium,中古カメラ・時計の出品で一般的な用語,AI作成・Ren(AI)確認済み,,,,,
shibori_hane,絞り羽根 / 絞り羽,Aperture blades,Aperture blades. Check they move snappily and are free of oil.,camera,part,info,中古カメラ・時計の出品で一般的な用語,AI作成・Ren(AI)確認済み,,,,,
abura,油滲み / 油染み / 油にじみ / 油シミ / 油浮き,Oil on aperture blades,"Lubricant has migrated onto the aperture blades, which can make them stick. Fix requires cleaning the lens.",camera,defect,medium,中古カメラ・時計の出品で一般的な用語,AI作成・Ren(AI)確認済み,,,,,
nebari,粘り / 絞り粘り / スロー粘り / 粘りあり,Sticking / sluggish,"Aperture or slow shutter speeds move sluggishly, usually from old oil. Exposures will be wrong until serviced.",camera,defect,high,中古カメラ・時計の出品で一般的な用語,AI作成・Ren(AI)確認済み,,,,,
kataboke,片ボケ,Decentred (one side blurry),"One side of the image is blurrier than the other, often from a knock or bad reassembly. Hard to see in photos of the lens itself.",camera,defect,high,中古カメラ・時計の出品で一般的な用語,AI作成・Ren(AI)確認済み,,,,,
utsuri_eikyou_nashi,写りに影響なし / 写りに影響ありません / 撮影に影響なし / 撮影に影響ありません,No effect on images (claimed),"Seller claims the defect does not affect pictures. Often a guess, not a test; ask for sample photos.",camera,seller,low,個人出品の定型の免責表現,AI作成・Ren(AI)確認済み,,,,,
kougaku_ryoukou,光学良好 / 光学系良好,Optics good,The glass is said to be clear. May still allow small dust or light marks.,camera,condition,positive,中古カメラ・時計の出品で一般的な用語,AI作成・Ren(AI)確認済み,,,,,
kougaku_gokujou,光学極上 / 光学系極上,Optics excellent,"Optics described as excellent: clean, no haze or fungus.",camera,condition,positive,中古カメラ・時計の出品で一般的な用語,AI作成・Ren(AI)確認済み,,,,,
gaikan,外観,Exterior / cosmetics,Refers to the outside condition only (e.g. 外観美品). Says nothing about optics or function.,camera,condition,info,中古カメラ・時計の出品で一般的な用語,AI作成・Ren(AI)確認済み,,,,,
shutter,シャッター,Shutter,"Shutter mechanism. Check whether all speeds are tested, not just whether it fires.",camera,mechanism,info,中古カメラ・時計の出品で一般的な用語,AI作成・Ren(AI)確認済み,,,,,
shutter_fault,シャッター不良 / シャッター切れず / シャッターが切れない / シャッター切れません,Shutter not working,The shutter will not fire or is faulty. Requires repair.,camera,defect,high,中古カメラ・時計の出品で一般的な用語,AI作成・Ren(AI)確認済み,,,,,
shutter_all_ok,全速OK / 全速確認 / シャッター全速OK / 全速作動,All shutter speeds work,"All speeds fire. Often checked by ear, not with a tester, so accuracy is not guaranteed.",camera,condition,positive,中古カメラ・時計の出品で一般的な用語,AI作成・Ren(AI)確認済み,,,,,
kara_shutter,空シャッター / 空シャッターのみ / 空写し,Fired without film,"Shutter fired without film. Shows it moves, not that exposures or film transport are correct.",camera,condition,medium,中古カメラ・時計の出品で一般的な用語,AI作成・Ren(AI)確認済み,,,,,
slow_shutter,スローシャッター / スロー域,Slow shutter speeds,The slow speeds (about 1s–1/30). These are the first to stick or run long on old mechanical cameras.,camera,mechanism,info,中古カメラ・時計の出品で一般的な用語,AI作成・Ren(AI)確認済み,,,,,
shutter_maku,シャッター幕 / 布幕 / チタン幕,Shutter curtain,"Focal-plane shutter curtain (cloth or titanium foil). Check for holes, wrinkles or light leaks.",camera,part,info,中古カメラ・時計の出品で一般的な用語,AI作成・Ren(AI)確認済み,,,,,
maku_damage,幕穴 / 幕ヨレ / 幕のヨレ / 幕シワ,Shutter curtain damage,Holes or wrinkles in the shutter curtain. Causes light leaks or uneven exposure; replacement is a costly repair.,camera,defect,high,中古カメラ・時計の出品で一般的な用語,AI作成・Ren(AI)確認済み,,,,,
saki_ato_maku,先幕 / 後幕,Front / rear curtain,The first and second shutter curtains. Problems with either cause uneven or failed exposures.,camera,part,info,中古カメラ・時計の出品で一般的な用語,AI作成・Ren(AI)確認済み,,,,,
roshutsukei,露出計,Light meter,Built-in exposure meter. Check whether it works and is accurate.,camera,part,info,中古カメラ・時計の出品で一般的な用語,AI作成・Ren(AI)確認済み,,,,,
roshutsukei_fudou,露出計不動 / 露出計動かず / メーター不動 / 露出計NG,Light meter dead,Built-in meter does not work. Camera may still shoot with a handheld meter; repair may be hard.,camera,defect,medium,中古カメラ・時計の出品で一般的な用語,AI作成・Ren(AI)確認済み,,,,,
roshutsukei_ok,露出計動作 / 露出計作動 / 露出計OK,Light meter works,"Meter responds. Accuracy may still be off, especially with modern replacement batteries.",camera,condition,positive,中古カメラ・時計の出品で一般的な用語,AI作成・Ren(AI)確認済み,,,,,
selenium,セレン / セレン露出計,Selenium meter,Battery-free selenium-cell meter on older cameras. These cells degrade with age and are often weak or dead.,camera,part,info,中古カメラ・時計の出品で一般的な用語,AI作成・Ren(AI)確認済み,,,,,
mercury_battery,水銀電池,Mercury battery,"Older cameras designed for 1.35V mercury cells, now discontinued. Modern substitutes may give wrong meter readings without an adapter.",camera,part,info,中古カメラ・時計の出品で一般的な用語,AI作成・Ren(AI)確認済み,,,,,
molt,モルト / モルト劣化 / モルトプレーン,Light seals (foam),"Foam light seals that crumble with age. Replacement is cheap and routine, but degraded seals cause light leaks.",camera,part,medium,中古カメラ・時計の出品で一般的な用語,AI作成・Ren(AI)確認済み,,,,,
mirror,ミラー,Mirror (SLR),"Reflex mirror. Scratches on it don't affect images, only the viewfinder.",camera,part,info,中古カメラ・時計の出品で一般的な用語,AI作成・Ren(AI)確認済み,,,,,
prism,プリズム / ペンタプリズム,Prism,Viewfinder pentaprism. Desilvering/corrosion shows as dark lines or spots in the finder.,camera,part,info,中古カメラ・時計の出品で一般的な用語,AI作成・Ren(AI)確認済み,,,,,
prism_corrosion,プリズム腐食 / プリズムの腐食 / プリズム劣化,Prism desilvering,"The prism's silvering is deteriorating, often from the foam above it. Visible in the viewfinder; costly to fix.",camera,defect,high,中古カメラ・時計の出品で一般的な用語,AI作成・Ren(AI)確認済み,,,,,
penta_dent,ペンタ部凹み / ペンタ凹み / ペンタ部へこみ / ペンタ部打痕,Dented prism housing,"Dent on the top prism hump, a sign the camera was dropped. Internal alignment may be affected.",camera,defect,high,中古カメラ・時計の出品で一般的な用語,AI作成・Ren(AI)確認済み,,,,,
finder,ファインダー / ファインダー内,Viewfinder,The viewfinder. Dust or marks inside it usually don't affect images.,camera,part,info,中古カメラ・時計の出品で一般的な用語,AI作成・Ren(AI)確認済み,,,,,
nijuuzou,二重像,Rangefinder double image,The overlapping image used to focus a rangefinder. Check it is bright and aligns at infinity.,camera,part,info,中古カメラ・時計の出品で一般的な用語,AI作成・Ren(AI)確認済み,,,,,
nijuuzou_zure,二重像ズレ / 二重像のズレ / 距離計ズレ,Rangefinder misaligned,"Rangefinder is out of alignment, so focus will be off. Usually adjustable by a repairer.",camera,defect,medium,中古カメラ・時計の出品で一般的な用語,AI作成・Ren(AI)確認済み,,,,,
nijuuzou_usui,二重像が薄い / 二重像薄い / 二重像薄め,Faint rangefinder image,"Double image is dim, often from deteriorated mirror coatings. Makes focusing harder.",camera,defect,medium,中古カメラ・時計の出品で一般的な用語,AI作成・Ren(AI)確認済み,,,,,
kyorikei,距離計 / 距離計連動,Rangefinder (distance meter),Rangefinder focusing mechanism.,camera,mechanism,info,中古カメラ・時計の出品で一般的な用語,AI作成・Ren(AI)確認済み,,,,,
helicoid,ヘリコイド,Helicoid (focusing thread),The threaded focusing mechanism of a lens.,camera,mechanism,info,中古カメラ・時計の出品で一般的な用語,AI作成・Ren(AI)確認済み,,,,,
helicoid_heavy,ヘリコイド重い / ヘリコイドが重い / ヘリコイド重め / ヘリコイド硬い / グリス切れ / グリス抜け,Stiff focus / dried grease,"Focusing is stiff or uneven, usually from dried grease. Fixable by regreasing but adds cost.",camera,defect,medium,中古カメラ・時計の出品で一般的な用語,AI作成・Ren(AI)確認済み,,,,,
rangefinder,レンジファインダー / レンジファインダーカメラ,Rangefinder camera,"Camera type focused with a rangefinder (e.g. Leica M, Canon P).",camera,mechanism,info,中古カメラ・時計の出品で一般的な用語,AI作成・Ren(AI)確認済み,,,,,
slr,一眼レフ / 一眼レフカメラ,SLR camera,Single-lens reflex camera.,camera,mechanism,info,中古カメラ・時計の出品で一般的な用語,AI作成・Ren(AI)確認済み,,,,,
tlr,二眼レフ / 二眼レフカメラ,Twin-lens reflex (TLR),"Twin-lens reflex camera, usually medium format (e.g. Rolleiflex, Mamiya C).",camera,mechanism,info,中古カメラ・時計の出品で一般的な用語,AI作成・Ren(AI)確認済み,,,,,
mirrorless,ミラーレス / ミラーレス一眼,Mirrorless camera,Digital mirrorless camera. Often mentioned as the body vintage lenses are tested on via adapter.,camera,mechanism,info,中古カメラ・時計の出品で一般的な用語,AI作成・Ren(AI)確認済み,,,,,
chuuban,中判 / 中判カメラ,Medium format,"Medium-format camera, usually 120 film.",camera,mechanism,info,中古カメラ・時計の出品で一般的な用語,AI作成・Ren(AI)確認済み,,,,,
film_camera,フィルムカメラ,Film camera,Film camera.,camera,mechanism,info,中古カメラ・時計の出品で一般的な用語,AI作成・Ren(AI)確認済み,,,,,
compact,コンパクトカメラ / フィルムコンパクト,Compact camera,Compact point-and-shoot camera. Electronics failures are common and hard to repair.,camera,mechanism,info,中古カメラ・時計の出品で一般的な用語,AI作成・Ren(AI)確認済み,,,,,
jabara,蛇腹,Bellows,Folding-camera bellows. Check for pinholes that cause light leaks.,camera,part,info,中古カメラ・時計の出品で一般的な用語,AI作成・Ren(AI)確認済み,,,,,
makiage,巻き上げ / 巻上げ / 巻き上げレバー,Film advance,Film advance lever/knob.,camera,mechanism,info,中古カメラ・時計の出品で一般的な用語,AI作成・Ren(AI)確認済み,,,,,
makiage_fuku,巻き上げ不良 / 巻き上げできない / 巻き上げ不可 / 巻き上げが重い,Film advance fault,"Film advance is stuck, rough or incomplete. Needs repair.",camera,defect,high,中古カメラ・時計の出品で一般的な用語,AI作成・Ren(AI)確認済み,,,,,
denchishitsu,電池室 / 電池ボックス,Battery compartment,Battery compartment. Look for corrosion from old leaked batteries.,camera,part,info,中古カメラ・時計の出品で一般的な用語,AI作成・Ren(AI)確認済み,,,,,
jissha,実写確認 / 実写確認済み / 実写確認済,Test photos checked,Real photos were taken to check function. Stronger than a visual check; ask to see samples.,camera,condition,positive,中古カメラ・時計の出品で一般的な用語,AI作成・Ren(AI)確認済み,,,,,
shisha,試写済み / 試写済 / テスト撮影済み,Test-shot,Test photos taken (sometimes on a digital body via adapter for lenses). Ask what was tested.,camera,condition,positive,中古カメラ・時計の出品で一般的な用語,AI作成・Ren(AI)確認済み,,,,,
seisou_zumi,清掃済み / 清掃済 / クリーニング済み / クリーニング済,Cleaned,"Cleaned by the seller. Usually external or easily reached surfaces only, not a full service.",camera,service,low,中古カメラ・時計の出品で一般的な用語,AI作成・Ren(AI)確認済み,,,,,
seibi_zumi,整備済み / 整備済 / 分解整備済み / 分解清掃済み,Serviced (repaired/adjusted),Disassembled and serviced. Ask who did it and whether any warranty applies.,camera,service,positive,中古カメラ・時計の出品で一般的な用語,AI作成・Ren(AI)確認済み,,,,,
body,ボディ / ボディー,Camera body,"The camera body, without lens unless stated.",camera,part,info,中古カメラ・時計の出品で一般的な用語,AI作成・Ren(AI)確認済み,,,,,
body_only,ボディのみ / ボディーのみ / ボディ単体,Body only (no lens),Camera body only; no lens included.,camera,accessory,info,中古カメラ・時計の出品で一般的な用語,AI作成・Ren(AI)確認済み,,,,,
lens_only,レンズのみ / レンズ単体,Lens only,"Lens only, no camera body.",camera,accessory,info,中古カメラ・時計の出品で一般的な用語,AI作成・Ren(AI)確認済み,,,,,
lens_cap,レンズキャップ / フロントキャップ / リアキャップ / ボディキャップ,Lens / body caps,"Front, rear or body cap. Cheap to replace but nice for collectors.",camera,accessory,info,中古カメラ・時計の出品で一般的な用語,AI作成・Ren(AI)確認済み,,,,,
mount,マウント,Lens mount,"Lens mount system (e.g. Mマウント, Fマウント). Check compatibility with your camera.",camera,part,info,中古カメラ・時計の出品で一般的な用語,AI作成・Ren(AI)確認済み,,,,,
harikawa,貼り革 / 貼革 / 張り革,Leatherette covering,Body covering. Peeling or missing leatherette is cosmetic and can be replaced.,camera,part,low,中古カメラ・時計の出品で一般的な用語,AI作成・Ren(AI)確認済み,,,,,
dial,文字盤 / ダイヤル / ダイアル,Dial,The watch face. Originality of the dial is a major value factor for vintage watches.,watch,part,info,中古カメラ・時計の出品で一般的な用語,AI作成・Ren(AI)確認済み,,,,,
redial,リダン / リダン文字盤 / リダイヤル / 文字盤書き換え / 書き換え文字盤,Redial (refinished dial),Dial repainted/reprinted. Greatly lowers collector value; fake vintage watches often use redials.,watch,authenticity,high,中古カメラ・時計の出品で一般的な用語,AI作成・Ren(AI)確認済み,,,,,
shagai_mojiban,社外文字盤,Aftermarket dial,Non-original dial from a third party. Not original to the watch; lowers value considerably.,watch,authenticity,high,中古カメラ・時計の出品で一般的な用語,AI作成・Ren(AI)確認済み,,,,,
dial_shimi,文字盤シミ / 文字盤のシミ / 文字盤劣化,Dial spots / ageing,"Spots or deterioration on the dial. Cosmetic, but restoring it would mean a redial.",watch,defect,medium,中古カメラ・時計の出品で一般的な用語,AI作成・Ren(AI)確認済み,,,,,
tropical,トロピカルダイヤル / トロピカル文字盤,Tropical dial,Dial that has faded to brown with age. Some collectors value it; also faked.,watch,part,info,中古カメラ・時計の出品で一般的な用語,AI作成・Ren(AI)確認済み,,,,,
yakou,夜光 / 夜光塗料 / ルミノバ / トリチウム,Lume,Luminous paint on dial and hands. Original aged lume matching between dial and hands is valued.,watch,part,info,中古カメラ・時計の出品で一般的な用語,AI作成・Ren(AI)確認済み,,,,,
yakou_repaint,夜光再塗布 / 夜光塗り直し / 夜光入れ直し,Relumed,Lume has been reapplied. Not original; lowers collector value.,watch,part,medium,中古カメラ・時計の出品で一般的な用語,AI作成・Ren(AI)確認済み,,,,,
fuubou,風防,Crystal,The watch glass/crystal.,watch,part,info,中古カメラ・時計の出品で一般的な用語,AI作成・Ren(AI)確認済み,,,,,
fuubou_ware,風防割れ / 風防ヒビ / 風防欠け,Cracked crystal,Crystal is cracked or chipped. Allows moisture and dust in; needs replacement soon.,watch,defect,high,中古カメラ・時計の出品で一般的な用語,AI作成・Ren(AI)確認済み,,,,,
sapphire,サファイア / サファイアガラス / サファイアクリスタル,Sapphire crystal,Scratch-resistant sapphire crystal.,watch,part,info,中古カメラ・時計の出品で一般的な用語,AI作成・Ren(AI)確認済み,,,,,
acrylic,プラ風防 / アクリル風防 / プラスチック風防,Acrylic (plastic) crystal,Plastic crystal common on vintage watches. Scratches easily but can be polished out.,watch,part,info,中古カメラ・時計の出品で一般的な用語,AI作成・Ren(AI)確認済み,,,,,
mineral,ミネラルガラス,Mineral glass,Hardened mineral glass crystal.,watch,part,info,中古カメラ・時計の出品で一般的な用語,AI作成・Ren(AI)確認済み,,,,,
bezel,ベゼル,Bezel,"The ring around the crystal. On tool watches, check it is original and turns properly.",watch,part,info,中古カメラ・時計の出品で一般的な用語,AI作成・Ren(AI)確認済み,,,,,
ryuzu,リューズ / 竜頭 / 龍頭 / りゅうず,Crown,Winding/setting crown. A non-original crown can affect water resistance and value.,watch,part,info,中古カメラ・時計の出品で一般的な用語,AI作成・Ren(AI)確認済み,,,,,
junsei_ryuzu,純正リューズ,Original-maker crown,Crown made by the watch's manufacturer.,watch,part,positive,中古カメラ・時計の出品で一般的な用語,AI作成・Ren(AI)確認済み,,,,,
shagai_ryuzu,社外リューズ / 非純正リューズ,Aftermarket crown,Third-party replacement crown. Lowers originality and may compromise water resistance.,watch,part,medium,中古カメラ・時計の出品で一般的な用語,AI作成・Ren(AI)確認済み,,,,,
movement,ムーブメント / ムーヴメント,Movement,The watch mechanism. Ask for a photo; mismatched movements are a sign of a franken watch.,watch,part,info,中古カメラ・時計の出品で一般的な用語,AI作成・Ren(AI)確認済み,,,,,
caliber,キャリバー / Cal.,Calibre (movement model),Movement model number. Check it matches the reference.,watch,part,info,中古カメラ・時計の出品で一般的な用語,AI作成・Ren(AI)確認済み,,,,,
jidoumaki,自動巻き / 自動巻 / オートマチック,Automatic,Self-winding mechanical movement.,watch,mechanism,info,中古カメラ・時計の出品で一般的な用語,AI作成・Ren(AI)確認済み,,,,,
temaki,手巻き / 手巻,Hand-wound,Manual-wind mechanical movement; must be wound daily.,watch,mechanism,info,中古カメラ・時計の出品で一般的な用語,AI作成・Ren(AI)確認済み,,,,,
quartz,クオーツ / クォーツ,Quartz,Battery-powered quartz movement. Old battery leakage can damage the movement.,watch,mechanism,info,中古カメラ・時計の出品で一般的な用語,AI作成・Ren(AI)確認済み,,,,,
zenmai,ゼンマイ / 主ゼンマイ,Mainspring,The spring that powers a mechanical movement.,watch,part,info,中古カメラ・時計の出品で一般的な用語,AI作成・Ren(AI)確認済み,,,,,
zenmai_kire,ゼンマイ切れ,Broken mainspring,"Mainspring is broken, so the watch won't run. Repairable, but needs a watchmaker.",watch,defect,high,中古カメラ・時計の出品で一般的な用語,AI作成・Ren(AI)確認済み,,,,,
kadouhin,稼働品 / 稼動品 / 稼働中 / 稼動中 / 稼働確認済み,Running,The watch was running when listed. Says nothing about accuracy or service history.,watch,condition,positive,中古カメラ・時計の出品で一般的な用語,AI作成・Ren(AI)確認済み,,,,,
oh_rekifumei,OH歴不明 / オーバーホール歴不明 / OH時期不明,Service history unknown,No known service record. Budget for an overhaul for a vintage mechanical watch.,watch,service,medium,中古カメラ・時計の出品で一般的な用語,AI作成・Ren(AI)確認済み,,,,,
mikenma,未研磨 / 未研磨品,Unpolished,Case has never been polished; original edges intact. Valued by collectors.,watch,condition,positive,中古カメラ・時計の出品で一般的な用語,AI作成・Ren(AI)確認済み,,,,,
bracelet,ブレス / ブレスレット,Bracelet,Metal watch bracelet.,watch,part,info,中古カメラ・時計の出品で一般的な用語,AI作成・Ren(AI)確認済み,,,,,
bracelet_nobi,ブレス伸び / ブレスの伸び / ブレスレット伸び,Bracelet stretch,Worn links make the bracelet sag. Common on vintage bracelets; cosmetic but reduces value.,watch,defect,medium,中古カメラ・時計の出品で一般的な用語,AI作成・Ren(AI)確認済み,,,,,
amari_koma,余りコマ / 予備コマ / コマ詰め,Spare links / links removed,"Spare bracelet links, or links removed to fit a wrist. Missing links limit the size.",watch,accessory,info,中古カメラ・時計の出品で一般的な用語,AI作成・Ren(AI)確認済み,,,,,
udemawari,腕周り,Wrist size,Wrist circumference the bracelet/strap currently fits.,watch,part,info,中古カメラ・時計の出品で一般的な用語,AI作成・Ren(AI)確認済み,,,,,
buckle,バックル / Dバックル / 三つ折れバックル,Clasp / buckle,Bracelet clasp or deployant buckle.,watch,part,info,中古カメラ・時計の出品で一般的な用語,AI作成・Ren(AI)確認済み,,,,,
bijou,尾錠 / 美錠,Tang buckle,Pin buckle on a leather strap. Original-maker buckles are sometimes valuable.,watch,part,info,中古カメラ・時計の出品で一般的な用語,AI作成・Ren(AI)確認済み,,,,,
junsei_belt,純正ベルト / 純正バンド / 純正ストラップ,Original-maker strap,Strap made by the watch brand.,watch,part,positive,中古カメラ・時計の出品で一般的な用語,AI作成・Ren(AI)確認済み,,,,,
shagai_belt,社外ベルト / 社外バンド / 社外ストラップ,Aftermarket strap,Third-party strap. Normal on vintage watches; affects value little.,watch,part,low,中古カメラ・時計の出品で一般的な用語,AI作成・Ren(AI)確認済み,,,,,
junsei_bracelet,純正ブレス / 純正ブレスレット,Original-maker bracelet,Bracelet made by the watch brand. Adds value.,watch,part,positive,中古カメラ・時計の出品で一般的な用語,AI作成・Ren(AI)確認済み,,,,,
shagai_bracelet,社外ブレス / 社外ブレスレット,Aftermarket bracelet,Third-party bracelet. Lowers value compared to an original bracelet.,watch,part,medium,中古カメラ・時計の出品で一般的な用語,AI作成・Ren(AI)確認済み,,,,,
lug_width,ラグ幅,Lug width,Distance between the lugs; tells you what strap width fits.,watch,part,info,中古カメラ・時計の出品で一般的な用語,AI作成・Ren(AI)確認済み,,,,,
case_size,ケース径 / ケースサイズ,Case diameter,"Case size, usually excluding crown.",watch,part,info,中古カメラ・時計の出品で一般的な用語,AI作成・Ren(AI)確認済み,,,,,
kokuin,刻印,Engraving / stamp,"Engraved or stamped marks (on caseback, clasp, gold hallmarks). Check they match the model.",watch,authenticity,info,中古カメラ・時計の出品で一般的な用語,AI作成・Ren(AI)確認済み,,,,,
serial,シリアル / シリアルナンバー / シリアル番号 / 製造番号,Serial number,Serial number. Helps date the watch and check it matches papers.,watch,authenticity,info,中古カメラ・時計の出品で一般的な用語,AI作成・Ren(AI)確認済み,,,,,
guarantee,ギャランティ / ギャランティカード / ギャランティー / ギャランティーカード,Guarantee card / papers,Brand warranty card. Adds value; check the serial matches the watch.,watch,accessory,positive,中古カメラ・時計の出品で一般的な用語,AI作成・Ren(AI)確認済み,,,,,
kounen_koukan,後年交換 / 後年交換品,Replaced later (service part),"Part replaced at a later date, often a service dial, hands or crown. Not original to the watch.",watch,part,medium,中古カメラ・時計の出品で一般的な用語,AI作成・Ren(AI)確認済み,,,,,
franken,寄せ集め / フランケン,Franken watch (mixed parts),Assembled from parts of different watches. Not a genuine original; value is low.,watch,authenticity,high,中古カメラ・時計の出品で一般的な用語,AI作成・Ren(AI)確認済み,,,,,
bousui,防水,Water resistance,"Water resistance. On vintage watches, assume it is not water resistant unless tested.",watch,mechanism,info,中古カメラ・時計の出品で一般的な用語,AI作成・Ren(AI)確認済み,,,,,
seikatsu_bousui,生活防水,Splash resistant,"Everyday water resistance only (splashes, rain). Not for swimming.",watch,mechanism,info,中古カメラ・時計の出品で一般的な用語,AI作成・Ren(AI)確認済み,,,,,
bousui_nashi,防水性能なし / 防水性なし / 防水性能はありません / 非防水,No water resistance,Not water resistant (or not guaranteed). Keep it away from water.,watch,mechanism,medium,中古カメラ・時計の出品で一般的な用語,AI作成・Ren(AI)確認済み,,,,,
bousui_kensa,防水検査済み / 防水テスト済み,Water resistance tested,Water resistance was tested.,watch,service,positive,中古カメラ・時計の出品で一般的な用語,AI作成・Ren(AI)確認済み,,,,,
denchi_koukan,電池交換,Battery replacement,Battery change; read whether it was done or is needed.,watch,service,info,中古カメラ・時計の出品で一般的な用語,AI作成・Ren(AI)確認済み,,,,,
denchi_koukan_zumi,電池交換済み / 電池交換済,Battery replaced,"New battery fitted. Confirms it may run, but not that it is accurate.",watch,service,positive,中古カメラ・時計の出品で一般的な用語,AI作成・Ren(AI)確認済み,,,,,
jiki,磁気帯び,Magnetized,"Movement is magnetized, causing fast running. Usually easily fixed by demagnetizing.",watch,defect,low,中古カメラ・時計の出品で一般的な用語,AI作成・Ren(AI)確認済み,,,,,
date,デイト,Date,Date complication.,watch,mechanism,info,中古カメラ・時計の出品で一般的な用語,AI作成・Ren(AI)確認済み,,,,,
chrono,クロノグラフ / クロノ,Chronograph,"Stopwatch function. Check that start, stop and reset all work.",watch,mechanism,info,中古カメラ・時計の出品で一般的な用語,AI作成・Ren(AI)確認済み,,,,,
titanium,チタン / チタニウム,Titanium,Titanium case or bracelet.,watch,part,info,中古カメラ・時計の出品で一般的な用語,AI作成・Ren(AI)確認済み,,,,,
k18,K18 / 18K / 18金,18-karat gold,Solid 18k gold (75%). Look for hallmarks; weight affects value.,watch,part,info,中古カメラ・時計の出品で一般的な用語,AI作成・Ren(AI)確認済み,,,,,
k14,K14 / 14K / 14金,14-karat gold,Solid 14k gold (58.5%).,watch,part,info,中古カメラ・時計の出品で一般的な用語,AI作成・Ren(AI)確認済み,,,,,
kinmuku,金無垢,Solid gold,"Solid gold, not plated. Check hallmarks.",watch,part,info,中古カメラ・時計の出品で一般的な用語,AI作成・Ren(AI)確認済み,,,,,
kumori_tori_zumi,クモリ取り済み / クモリ取り済 / くもり取り済み / 曇り取り済み / クモリ除去済み,Haze cleaned (was hazy),"The lens had internal haze that was cleaned out. Usually fine, but haze can leave faint coating marks or return; ask for a flashlight photo of the glass.","camera,lens",service,low,中古カメラ・時計の出品で一般的な用語,AI作成・Ren(AI)確認済み,,,,,
kabi_ato,カビ跡 / カビ痕 / カビの跡,Mold marks (after cleaning),"Traces left where mold was cleaned off. Mold etches the coating, so the marks stay. Small spots rarely show in photos; large webs lower contrast.","camera,lens",defect,medium,中古カメラ・時計の出品で一般的な用語,AI作成・Ren(AI)確認済み,,,,,
kabi_tori_zumi,カビ取り済み / カビ取り済 / カビ除去済み,Mold cleaned (was moldy),Mold was removed. Mold often leaves etched marks in the coating and can regrow if stored humid; ask whether any marks remain.,"camera,lens",service,low,中古カメラ・時計の出品で一般的な用語,AI作成・Ren(AI)確認済み,,,,,
harigawase,貼り合わせ面 / 張り合わせ面 / 貼り合わせレンズ,Cemented elements,Two glass elements glued together. When the glue fails it is called balsam separation (バルサム切れ) — look for that word nearby.,"camera,lens",part,info,中古カメラ・時計の出品で一般的な用語,AI作成・Ren(AI)確認済み,,,,,
focus_ring,ピントリング / フォーカスリング / ズームリング,Focus / zoom ring,"The ring you turn to focus or zoom. Sellers usually say how it feels: smooth, heavy, or loose.","camera,lens",part,info,中古カメラ・時計の出品で一般的な用語,AI作成・Ren(AI)確認済み,,,,,
ring_heavy,ピントリング重い / ピントリングが重い / ピントリング重め / ピントリング硬い / フォーカスリング重い / ズームリング重い / ズームリングが重い / ズームリング重め,Focus/zoom ring stiff,"The ring turns stiffly, usually from old, dried grease. Usable but tiring for manual focus; a re-grease service costs extra.","camera,lens",defect,medium,中古カメラ・時計の出品で一般的な用語,AI作成・Ren(AI)確認済み,,,,,
ring_loose,ピントリングスカスカ / ヘリコイドスカスカ / ズームリングスカスカ / ヘリコイド軽すぎ,Focus/zoom ring too loose,"The ring spins with almost no resistance, often because the grease is gone or it was cleaned without re-greasing. Focus can drift; may have wear inside.","camera,lens",defect,medium,中古カメラ・時計の出品で一般的な用語,AI作成・Ren(AI)確認済み,,,,,
af_fuuryou,AF不良 / AF不動 / AF作動不良 / AFが作動しない / オートフォーカス不良,Autofocus fault,Autofocus doesn't work or hunts badly. On modern lenses this is often a motor or circuit fault and repair can cost more than the lens. Treat as manual-focus only.,"camera,lens",defect,high,中古カメラ・時計の出品で一般的な用語,AI作成・Ren(AI)確認済み,,,,,
is_fuuryou,手ブレ補正不良 / 手ぶれ補正不良 / 手振れ補正不良 / 手ブレ補正が効かない / VR不良 / IS不良,Image stabilizer fault,Stabilization (VR/IS/OS) doesn't work or makes noise. The unit is costly to repair; images may be blurry even with it switched off.,"camera,lens",defect,high,中古カメラ・時計の出品で一般的な用語,AI作成・Ren(AI)確認済み,,,,,
tebure_hosei,手ブレ補正 / 手ぶれ補正 / 手振れ補正,Image stabilization,"Built-in stabilization (Nikon VR, Canon IS, Sigma OS, in-body IBIS). Ask if it was tested — it's easy to miss when a seller only tries the AF.","camera,lens",mechanism,info,中古カメラ・時計の出品で一般的な用語,AI作成・Ren(AI)確認済み,,,,,
zengo_cap,前後キャップ / 前後キャップ付き / 前後キャップ付,Front and rear caps,"Both lens caps (front and rear) are included. Minor, but it suggests the lens was stored protected.","camera,lens",accessory,info,中古カメラ・時計の出品で一般的な用語,AI作成・Ren(AI)確認済み,,,,,
tama_boke,玉ボケ,Bokeh balls,"Out-of-focus point lights rendered as round discs. Sellers mention it as a selling point for fast or old lenses; it is a description, not a condition.","camera,lens",mechanism,info,中古カメラ・時計の出品で一般的な用語,AI作成・Ren(AI)確認済み,,,,,
mount_gata,マウントガタ / マウント部ガタ / マウントのガタ / マウント部にガタ / 鏡筒ガタ / 鏡胴ガタ / 鏡筒のガタ / 鏡胴のガタ,Play in mount / barrel,The lens wobbles in its mount or the barrel has play. Can cause soft or uneven focus and often points to a drop or worn parts.,"camera,lens",defect,medium,中古カメラ・時計の出品で一般的な用語,AI作成・Ren(AI)確認済み,,,,,
kyoudou,鏡筒 / 鏡胴,Lens barrel,The outer tube of the lens. Dents or play in the barrel can mean the lens was dropped.,"camera,lens",part,info,中古カメラ・時計の出品で一般的な用語,AI作成・Ren(AI)確認済み,,,,,
shibori_rendou,絞り連動 / 絞り連動ピン / 絞り連動レバー,Aperture coupling,"The pin or lever that lets the body stop the lens down at the moment of exposure. If it sticks, photos come out overexposed.","camera,lens",mechanism,info,中古カメラ・時計の出品で一般的な用語,AI作成・Ren(AI)確認済み,,,,,
shibori_rendou_fuuryou,絞り連動不良 / 絞り連動せず / 絞りが連動しない / 絞り連動NG,Aperture coupling fault,"The body can't close the aperture properly, so shots taken at small apertures come out overexposed. Needs repair.","camera,lens",defect,high,中古カメラ・時計の出品で一般的な用語,AI作成・Ren(AI)確認済み,,,,,
shibori_fudou,絞り不動 / 絞り動かず / 絞り固着 / 絞りが動かない,Aperture stuck,The aperture blades don't move. Often oil on the blades or a broken spring; the lens is only usable at one opening until repaired.,"camera,lens",defect,high,中古カメラ・時計の出品で一般的な用語,AI作成・Ren(AI)確認済み,,,,,
saitan_kyori,最短撮影距離,Minimum focus distance,"The closest distance the lens can focus. A spec, not a condition.","camera,lens",mechanism,info,中古カメラ・時計の出品で一般的な用語,AI作成・Ren(AI)確認済み,,,,,
kaihou_f,開放F値 / 開放絞り,Maximum aperture,"The widest aperture (smallest F number, e.g. F1.4). Many old lenses are slightly soft or glowy wide open; that is normal, not a defect.","camera,lens",mechanism,info,中古カメラ・時計の出品で一般的な用語,AI作成・Ren(AI)確認済み,,,,,
tanshouten,単焦点 / 単焦点レンズ,Prime lens,A fixed focal length lens (no zoom).,"camera,lens",mechanism,info,中古カメラ・時計の出品で一般的な用語,AI作成・Ren(AI)確認済み,,,,,
zoom_lens,ズームレンズ / 標準ズーム / 望遠ズーム / 広角ズーム,Zoom lens,A lens with variable focal length. Check that the zoom ring is smooth and that the lens doesn't extend under its own weight.,"camera,lens",mechanism,info,中古カメラ・時計の出品で一般的な用語,AI作成・Ren(AI)確認済み,,,,,
macro_lens,マクロレンズ,Macro lens,A lens designed for close-up shots. Its long focusing helicoid makes stiff or loose focus more common — read the focus notes.,"camera,lens",mechanism,info,中古カメラ・時計の出品で一般的な用語,AI作成・Ren(AI)確認済み,,,,,
old_lens,オールドレンズ,Vintage lens,"Seller term for older (often manual-focus) lenses, usually used on mirrorless bodies via an adapter. Expect some dust or haze; check the optics notes.","camera,lens",mechanism,info,中古カメラ・時計の出品で一般的な用語,AI作成・Ren(AI)確認済み,,,,,
mount_adapter,マウントアダプター / マウントアダプタ,Mount adapter,"A ring that fits a lens to a different body. Cheap ones may be slightly off, so infinity focus can be affected.","camera,lens",accessory,info,中古カメラ・時計の出品で一般的な用語,AI作成・Ren(AI)確認済み,,,,,
rubber_nobi,ラバー伸び / ラバーの伸び / ラバー劣化 / ラバーの劣化 / ゴムリング伸び / ゴムリングの伸び,Grip rubber stretched/aged,The rubber grip on the focus/zoom ring has stretched or aged and may slip. Cosmetic; replacement rubbers are cheap for common lenses.,"camera,lens",defect,low,中古カメラ・時計の出品で一般的な用語,AI作成・Ren(AI)確認済み,,,,,
filter_waku_dent,フィルター枠凹み / フィルター枠へこみ / フィルター枠打痕 / フィルター枠の凹み / 前枠凹み / 前枠へこみ,Dented filter thread,"The front rim is dented — a sign the lens was dropped or knocked. Filters/hoods may not fit, and internal alignment may be off.","camera,lens",defect,medium,中古カメラ・時計の出品で一般的な用語,AI作成・Ren(AI)確認済み,,,,,
hogo_filter,保護フィルター / プロテクトフィルター / レンズプロテクター,Protective filter,"A clear filter screwed on the front to protect the glass. Optics notes may be about the filter, not the lens; ask if they checked with it removed.","camera,lens",accessory,info,中古カメラ・時計の出品で一般的な用語,AI作成・Ren(AI)確認済み,,,,,
molt_koukan_zumi,モルト交換済み / モルト交換済 / モルト張り替え済み / モルト貼り替え済み / モルト張替済み / モルト張替え済み,Light seals replaced,The foam light seals were replaced. Good sign on old film bodies: rotten seals are the main cause of light leaks.,"camera,film_camera",service,positive,中古カメラ・時計の出品で一般的な用語,AI作成・Ren(AI)確認済み,,,,,
denchishitsu_fushoku,電池室腐食 / 電池室に腐食 / 電池室の腐食 / 電池室液漏れ / 電池室に液漏れ / 電池室に液漏れ跡 / 電池ボックス腐食,Battery compartment corrosion,"A leaked battery corroded the contacts. Light cases clean up; heavy ones break wiring, killing the meter or an electronic shutter.","camera,film_camera",defect,high,中古カメラ・時計の出品で一般的な用語,AI作成・Ren(AI)確認済み,,,,,
self_timer,セルフタイマー,Self-timer,Delayed shutter release. On old mechanical bodies the timer is often sticky; minor unless you need it.,"camera,film_camera",mechanism,info,中古カメラ・時計の出品で一般的な用語,AI作成・Ren(AI)確認済み,,,,,
finder_kumori,ファインダークモリ / ファインダーくもり / ファインダー曇り / ファインダー内クモリ / ファインダー内くもり / ファインダー内曇り,Viewfinder haze,The viewfinder looks hazy. On an SLR it doesn't affect photos; on a rangefinder it can make the focus patch hard to see.,"camera,film_camera",defect,low,中古カメラ・時計の出品で一般的な用語,AI作成・Ren(AI)確認済み,,,,,
slow_governor,スローガバナー,Slow-speed governor,"The clockwork that times slow shutter speeds (1/30s and slower). If it sticks, slow speeds hang or run long — read alongside 'スロー粘り'.","camera,film_camera",part,info,中古カメラ・時計の出品で一般的な用語,AI作成・Ren(AI)確認済み,,,,,
denshi_shutter,電子シャッター / 電子制御シャッター,Electronic shutter,"Film bodies: an electronically timed shutter — no battery, no shutter (often one backup speed only). Digital bodies: the silent sensor-readout shutter.","camera,film_camera",mechanism,info,中古カメラ・時計の出品で一般的な用語,AI作成・Ren(AI)確認済み,,,,,
kikai_shutter,機械式シャッター / メカシャッター / メカニカルシャッター,Mechanical shutter,"Spring-driven shutter that fires without a battery. On digital bodies, 'メカシャッター' is the physical shutter (its count matters for wear).","camera,film_camera",mechanism,info,中古カメラ・時計の出品で一般的な用語,AI作成・Ren(AI)確認済み,,,,,
denchi_fuyou,電池不要 / 電池なしで動作 / 電池なしでも動作 / 電池無しで動作,Works without battery,"The camera (usually its shutter) works without a battery. A built-in meter, if any, still needs one.","camera,film_camera",mechanism,info,中古カメラ・時計の出品で一般的な用語,AI作成・Ren(AI)確認済み,,,,,
film_shitsu,フィルム室,Film chamber,"The space behind the back door where the film runs. Look for rust, corrosion, scratches on the rails, or crumbling seal foam.","camera,film_camera",part,info,中古カメラ・時計の出品で一般的な用語,AI作成・Ren(AI)確認済み,,,,,
atsuban,圧板 / フィルム圧板,Pressure plate,The plate on the back door that holds film flat. Dents or rust can scratch film or soften focus.,"camera,film_camera",part,info,中古カメラ・時計の出品で一般的な用語,AI作成・Ren(AI)確認済み,,,,,
counter_fudou,フィルムカウンター不動 / フィルムカウンター不良 / カウンター不動 / カウンター不良,Frame counter fault,The frame counter doesn't advance or reset. You lose track of shots; on some bodies the auto-exposure or winder relies on it.,"camera,film_camera",defect,low,中古カメラ・時計の出品で一般的な用語,AI作成・Ren(AI)確認済み,,,,,
makimodoshi,巻き戻しクランク / 巻き戻しノブ / 巻戻しクランク / 巻き戻しレバー,Rewind crank,The crank/knob used to wind the film back into the canister.,"camera,film_camera",part,info,中古カメラ・時計の出品で一般的な用語,AI作成・Ren(AI)確認済み,,,,,
mirror_fault,ミラー落ち / ミラーが戻らない / ミラー戻らず / ミラーアップしたまま / ミラーが上がったまま,Mirror stuck or fallen,"The SLR mirror didn't return after firing, or came unglued and fell. The viewfinder goes black; needs repair.","camera,film_camera",defect,high,中古カメラ・時計の出品で一般的な用語,AI作成・Ren(AI)確認済み,,,,,
mirror_rekka,ミラー劣化 / ミラーの劣化 / ミラー剥がれ / ミラー腐食,Mirror silvering worn,The reflective coating on the SLR mirror has spots or flaking. Dims the viewfinder but does not affect photos.,"camera,film_camera",defect,low,中古カメラ・時計の出品で一般的な用語,AI作成・Ren(AI)確認済み,,,,,
shutter_speed_zure,シャッター速度ズレ / シャッタースピードズレ / シャッター速度が不正確 / 高速不良 / 低速不良,Shutter speeds inaccurate,"Some speeds run too fast or slow, causing over/underexposure. Common on unserviced bodies; negative film tolerates small errors, slide film doesn't.","camera,film_camera",defect,medium,中古カメラ・時計の出品で一般的な用語,AI作成・Ren(AI)確認済み,,,,,
film_format,35mmフィルム / 135フィルム / 120フィルム / 220フィルム / ブローニー / ブローニーフィルム,Film format,35mm (135) is the common small film; 120/220 'Brownie' roll film is medium format. Check that the format is still easy to buy and process near you.,"camera,film_camera",mechanism,info,中古カメラ・時計の出品で一般的な用語,AI作成・Ren(AI)確認済み,,,,,
half_size,ハーフサイズカメラ / ハーフカメラ / ハーフ判,Half-frame camera,Takes two small frames per 35mm frame (e.g. 72 shots per 36-exposure roll). Lower resolution per shot by design.,"camera,film_camera",mechanism,info,中古カメラ・時計の出品で一般的な用語,AI作成・Ren(AI)確認済み,,,,,
film_inside,フィルムが入ったまま / フィルム入ったまま / フィルムが入っています / 撮影途中のフィルム,Film still inside,A roll is still in the camera. It may be exposed; the seller may not have opened the back to check the film chamber or shutter.,"camera,film_camera",seller,low,個人出品の定型の免責表現,AI作成・Ren(AI)確認済み,,,,,
ae_fuuryou,AE不良 / AE作動不良 / 自動露出不良 / AE不動,Auto-exposure fault,The automatic exposure mode doesn't work or gives wrong exposures. Manual modes may still work if the body has them.,"camera,film_camera",defect,high,中古カメラ・時計の出品で一般的な用語,AI作成・Ren(AI)確認済み,,,,,
